ExecutionId,Job Name,Status,Author,Start Date,End Date
122148,Generating cohort 754 : GURO_CDM (GURO_CDM),COMPLETED,admin.guro01,03/10/2021 4:49 PM,03/10/2021 4:52 PM
122116,Generating cohort 56 : GURO_CDM (GURO_CDM),COMPLETED,admin.guro01,02/23/2021 3:39 PM,02/23/2021 3:39 PM
122115,Generating cohort 553 : ANAM_CDM (ANAM_CDM),COMPLETED,admin.guro01,02/23/2021 3:39 PM,02/23/2021 3:46 PM
122114,Generating cohort 553 : ANSAN_CDM (ANSAN_CDM),COMPLETED,admin.guro01,02/23/2021 3:39 PM,02/23/2021 3:44 PM
122113,Generating cohort 553 : GURO_CDM (GURO_CDM),COMPLETED,admin.guro01,02/23/2021 3:39 PM,02/23/2021 3:39 PM
122112,Generating cohort 553 : GURO_CDM (GURO_CDM),COMPLETED,admin.guro01,02/23/2021 3:38 PM,02/23/2021 3:38 PM
122111,Generating cohort 753 : GURO_CDM (GURO_CDM),COMPLETED,admin.guro01,02/23/2021 3:34 PM,02/23/2021 3:35 PM
122110,Cleanup cohort 700.,COMPLETED,admin.guro01,02/23/2021 3:31 PM,02/23/2021 3:31 PM
122109,Cleanup cohort 435.,COMPLETED,admin.guro01,02/23/2021 3:31 PM,02/23/2021 3:31 PM
112092,Generating cohort 700 : GURO_CDM (GURO_CDM),COMPLETED,admin.guro01,02/02/2021 10:31 AM,02/02/2021 10:31 AM
112091,Generating cohort 700 : GURO_CDM (GURO_CDM),COMPLETED,admin.guro01,02/02/2021 10:30 AM,02/02/2021 10:30 AM
112090,Generating cohort 435 : GURO_CDM (GURO_CDM),COMPLETED,admin.guro01,02/02/2021 9:36 AM,02/02/2021 9:36 AM
112089,Generating cohort 435 : GURO_CDM (GURO_CDM),COMPLETED,admin.guro01,02/02/2021 9:32 AM,02/02/2021 9:34 AM
112088,Cleanup cohort 698.,COMPLETED,admin.guro01,02/02/2021 9:28 AM,02/02/2021 9:28 AM
112087,Cleanup cohort 699.,COMPLETED,admin.guro01,02/02/2021 9:27 AM,02/02/2021 9:27 AM
112086,Generating cohort 698 : GURO_CDM (GURO_CDM),COMPLETED,admin.guro01,01/29/2021 9:28 AM,01/29/2021 9:29 AM
112085,Generating cohort 699 : GURO_CDM (GURO_CDM),COMPLETED,admin.guro01,01/29/2021 9:28 AM,01/29/2021 9:28 AM
112084,Generating cohort 56 : GURO_CDM (GURO_CDM),COMPLETED,admin.guro01,01/28/2021 10:04 AM,01/28/2021 10:04 AM
112083,Generating cohort 553 : ANAM_CDM (ANAM_CDM),FAILED,admin.guro01,01/28/2021 9:52 AM,01/28/2021 10:04 AM
112082,Generating cohort 553 : ANSAN_CDM (ANSAN_CDM),COMPLETED,admin.guro01,01/28/2021 9:52 AM,01/28/2021 9:59 AM
112081,Generating cohort 553 : GURO_CDM (GURO_CDM),COMPLETED,admin.guro01,01/28/2021 9:52 AM,01/28/2021 9:55 AM
112080,Cleanup cohort 648.,COMPLETED,admin.guro01,01/28/2021 9:46 AM,01/28/2021 9:46 AM
112079,Generating cohort 553 : ANAM_CDM (ANAM_CDM),FAILED,admin.guro01,01/28/2021 9:43 AM,01/28/2021 9:46 AM
112078,Generating cohort 553 : ANSAN_CDM (ANSAN_CDM),FAILED,admin.guro01,01/28/2021 9:43 AM,01/28/2021 9:46 AM
112077,Generating cohort 553 : GURO_CDM (GURO_CDM),COMPLETED,admin.guro01,01/28/2021 9:43 AM,01/28/2021 9:46 AM
112076,Generating cohort 553 : ANSAN_CDM (ANSAN_CDM),COMPLETED,admin.guro01,01/28/2021 9:24 AM,01/28/2021 9:35 AM
112075,Generating cohort 553 : ANAM_CDM (ANAM_CDM),COMPLETED,admin.guro01,01/28/2021 9:24 AM,01/28/2021 9:34 AM
112074,Generating cohort 553 : GURO_CDM (GURO_CDM),COMPLETED,admin.guro01,01/28/2021 9:24 AM,01/28/2021 9:35 AM
112073,Generating cohort 553 : GURO_CDM (GURO_CDM),COMPLETED,admin.guro01,01/20/2021 2:15 PM,01/20/2021 2:17 PM
112072,Generating cohort 553 : ANSAN_CDM (ANSAN_CDM),FAILED,admin.guro01,01/20/2021 2:15 PM,01/20/2021 2:15 PM
102076,Generating cohort 648 : ANAM_CDM (ANAM_CDM),COMPLETED,admin.guro01,01/14/2021 3:32 PM,01/14/2021 3:36 PM
102075,Generating cohort 648 : ANSAN_CDM (ANSAN_CDM),COMPLETED,admin.guro01,01/14/2021 3:32 PM,01/14/2021 3:36 PM
102074,Generating cohort 648 : GURO_CDM (GURO_CDM),COMPLETED,admin.guro01,01/14/2021 3:32 PM,01/14/2021 3:32 PM
102073,Generating cohort 648 : GURO_CDM (GURO_CDM),COMPLETED,admin.guro01,01/14/2021 3:31 PM,01/14/2021 3:31 PM
102072,Cleanup cohort 647.,COMPLETED,admin.guro01,01/14/2021 11:30 AM,01/14/2021 11:30 AM
102071,Generating cohort 648 : GURO_CDM (GURO_CDM),COMPLETED,admin.guro01,01/14/2021 11:24 AM,01/14/2021 11:25 AM
102070,Generating cohort 648 : GURO_CDM (GURO_CDM),COMPLETED,admin.guro01,01/14/2021 11:20 AM,01/14/2021 11:20 AM
102069,Generating cohort 647 : GURO_CDM (GURO_CDM),COMPLETED,admin.guro01,01/14/2021 11:18 AM,01/14/2021 11:19 AM
102068,Generating cohort 647 : GURO_CDM (GURO_CDM),COMPLETED,admin.guro01,01/14/2021 11:15 AM,01/14/2021 11:16 AM
102067,Generating cohort 648 : GURO_CDM (GURO_CDM),COMPLETED,admin.guro01,01/14/2021 11:15 AM,01/14/2021 11:15 AM
102066,Generating cohort 648 : GURO_CDM (GURO_CDM),COMPLETED,admin.guro01,01/14/2021 11:03 AM,01/14/2021 11:05 AM
102065,Cleanup cohort 643.,COMPLETED,admin.guro01,01/14/2021 11:00 AM,01/14/2021 11:00 AM
102064,Generating cohort 647 : GURO_CDM (GURO_CDM),COMPLETED,admin.guro01,01/14/2021 10:59 AM,01/14/2021 10:59 AM
102063,Generating cohort 647 : GURO_CDM (GURO_CDM),COMPLETED,admin.guro01,01/13/2021 12:53 PM,01/13/2021 12:53 PM
102062,Generating cohort 647 : GURO_CDM (GURO_CDM),COMPLETED,admin.guro01,01/13/2021 12:50 PM,01/13/2021 12:50 PM
102061,Generating cohort 647 : GURO_CDM (GURO_CDM),COMPLETED,admin.guro01,01/06/2021 4:52 PM,01/06/2021 4:52 PM
102060,Generating cohort 647 : GURO_CDM (GURO_CDM),COMPLETED,admin.guro01,01/06/2021 4:28 PM,01/06/2021 4:28 PM
102059,Generating cohort 647 : GURO_CDM (GURO_CDM),COMPLETED,admin.guro01,01/06/2021 4:10 PM,01/06/2021 4:10 PM
